Timestamp,CPU,MEMORY
24.11.2015 12:00:00,307,739
24.11.2015 12:05:00,223,963
24.11.2015 12:10:00,134,824
24.11.2015 12:15:00,116,499
24.11.2015 12:20:00,134,292
24.11.2015 12:25:00,117,480
24.11.2015 12:30:00,115,210
24.11.2015 12:35:00,114,218
24.11.2015 12:40:00,113,204
24.11.2015 12:45:00,122,185
24.11.2015 12:50:00,132,278
24.11.2015 12:55:00,119,573
24.11.2015 13:00:00,184,603
24.11.2015 13:05:00,124,748
24.11.2015 13:10:00,126,324
24.11.2015 13:15:00,119,442
24.11.2015 13:20:00,117,295
24.11.2015 13:25:00,113,196
24.11.2015 13:30:00,128,213
24.11.2015 13:35:00,114,319
24.11.2015 13:40:00,113,172
24.11.2015 13:45:00,115,196
24.11.2015 13:50:00,155,510
24.11.2015 13:55:00,120,677
24.11.2015 14:00:00,123,352
24.11.2015 14:05:00,134,371
24.11.2015 14:10:00,113,573
24.11.2015 14:15:00,114,213
24.11.2015 14:20:00,125,196
24.11.2015 14:25:00,168,510
24.11.2015 14:30:00,228,972
24.11.2015 14:35:00,116,811
24.11.2015 14:40:00,116,352
24.11.2015 14:45:00,121,283
24.11.2015 14:50:00,207,906
24.11.2015 14:55:00,111,988
24.11.2015 15:00:00,233,707
24.11.2015 15:05:00,195,890
24.11.2015 15:10:00,155,881
24.11.2015 15:15:00,181,819
24.11.2015 15:20:00,129,770
24.11.2015 15:25:00,112,529
24.11.2015 15:30:00,143,480
24.11.2015 15:35:00,116,657
24.11.2015 15:40:00,113,295
24.11.2015 15:45:00,117,213
24.11.2015 15:50:00,157,374
24.11.2015 15:55:00,133,843
24.11.2015 16:00:00,114,458
24.11.2015 16:05:00,118,262
24.11.2015 16:10:00,120,286
24.11.2015 16:15:00,117,368
24.11.2015 16:20:00,193,852
24.11.2015 16:25:00,183,925
24.11.2015 16:30:00,174,952
24.11.2015 16:35:00,126,698
24.11.2015 16:40:00,177,958
24.11.2015 16:45:00,115,895
24.11.2015 16:50:00,128,409
24.11.2015 16:55:00,114,467
24.11.2015 17:00:00,128,426
24.11.2015 17:05:00,152,832
24.11.2015 17:10:00,113,636
24.11.2015 17:15:00,125,423
24.11.2015 17:20:00,126,316
24.11.2015 17:25:00,113,362
24.11.2015 17:30:00,117,199
24.11.2015 17:35:00,124,223
24.11.2015 17:40:00,121,360
24.11.2015 17:45:00,124,467
24.11.2015 17:50:00,134,379
24.11.2015 17:55:00,112,589
24.11.2015 18:00:00,122,264
24.11.2015 18:05:00,110,395
24.11.2015 18:10:00,111,188
24.11.2015 18:15:00,113,152
24.11.2015 18:20:00,113,166
24.11.2015 18:25:00,112,163
24.11.2015 18:30:00,122,213
24.11.2015 18:35:00,125,671
24.11.2015 18:40:00,120,286
24.11.2015 18:45:00,113,360
24.11.2015 18:50:00,121,136
24.11.2015 18:55:00,112,491
24.11.2015 19:00:00,115,163
24.11.2015 19:05:00,124,335
24.11.2015 19:10:00,113,311
24.11.2015 19:15:00,114,147
24.11.2015 19:20:00,113,182
24.11.2015 19:25:00,112,204
24.11.2015 19:30:00,123,155
24.11.2015 19:35:00,113,349
24.11.2015 19:40:00,113,204
24.11.2015 19:45:00,115,262
24.11.2015 19:50:00,136,242
24.11.2015 19:55:00,112,666
24.11.2015 20:00:00,114,245
24.11.2015 20:05:00,119,289
24.11.2015 20:10:00,119,242
24.11.2015 20:15:00,113,494
24.11.2015 20:20:00,115,188
24.11.2015 20:25:00,113,210
24.11.2015 20:30:00,115,180
24.11.2015 20:35:00,117,103
24.11.2015 20:40:00,115,136
24.11.2015 20:45:00,114,90
24.11.2015 20:50:00,132,248
24.11.2015 20:55:00,112,639
24.11.2015 21:00:00,123,207
24.11.2015 21:05:00,114,344
24.11.2015 21:10:00,121,169
24.11.2015 21:15:00,117,376
24.11.2015 21:20:00,122,251
24.11.2015 21:25:00,113,606
24.11.2015 21:30:00,121,237
24.11.2015 21:35:00,118,442
24.11.2015 21:40:00,145,477
24.11.2015 21:45:00,114,655
24.11.2015 21:50:00,123,254
24.11.2015 21:55:00,112,548
24.11.2015 22:00:00,122,251
24.11.2015 22:05:00,118,311
24.11.2015 22:10:00,111,223
24.11.2015 22:15:00,114,172
24.11.2015 22:20:00,113,125
24.11.2015 22:25:00,122,139
24.11.2015 22:30:00,196,824
24.11.2015 22:35:00,148,958
24.11.2015 22:40:00,190,720
24.11.2015 22:45:00,128,999
24.11.2015 22:50:00,114,507
24.11.2015 22:55:00,123,614
24.11.2015 23:00:00,124,267
24.11.2015 23:05:00,112,491
24.11.2015 23:10:00,111,204
24.11.2015 23:15:00,113,180
24.11.2015 23:20:00,112,90
24.11.2015 23:25:00,114,139
24.11.2015 23:30:00,114,190
24.11.2015 23:35:00,113,218
24.11.2015 23:40:00,114,254
24.11.2015 23:45:00,117,158
24.11.2015 23:50:00,118,100
24.11.2015 23:55:00,126,526
25.11.2015 00:00:00,121,215
25.11.2015 00:05:00,107,215
25.11.2015 00:10:00,105,147
25.11.2015 00:15:00,108,193
25.11.2015 00:20:00,129,125
25.11.2015 00:25:00,112,382
25.11.2015 00:30:00,123,221
25.11.2015 00:35:00,112,371
25.11.2015 00:40:00,113,158
25.11.2015 00:45:00,115,109
25.11.2015 00:50:00,183,218
25.11.2015 00:55:00,157,1176
25.11.2015 01:00:00,123,434
25.11.2015 01:05:00,124,496
25.11.2015 01:10:00,111,231
25.11.2015 01:15:00,114,117
25.11.2015 01:20:00,112,204
25.11.2015 01:25:00,99,122
25.11.2015 01:30:00,99,133
25.11.2015 01:35:00,97,166
25.11.2015 01:40:00,106,163
25.11.2015 01:45:00,110,344
25.11.2015 01:50:00,110,188
25.11.2015 01:55:00,114,491
25.11.2015 02:00:00,113,237
25.11.2015 02:05:00,114,352
25.11.2015 02:10:00,120,196
25.11.2015 02:15:00,114,322
25.11.2015 02:20:00,120,215
25.11.2015 02:25:00,112,417
25.11.2015 02:30:00,115,180
25.11.2015 02:35:00,116,131
25.11.2015 02:40:00,119,98
25.11.2015 02:45:00,115,352
25.11.2015 02:50:00,127,207
25.11.2015 02:55:00,106,548
25.11.2015 03:00:00,117,221
25.11.2015 03:05:00,113,139
25.11.2015 03:10:00,112,120
25.11.2015 03:15:00,114,172
25.11.2015 03:20:00,120,150
25.11.2015 03:25:00,112,390
25.11.2015 03:30:00,133,283
25.11.2015 03:35:00,114,543
25.11.2015 03:40:00,113,218
25.11.2015 03:45:00,114,152
25.11.2015 03:50:00,119,172
25.11.2015 03:55:00,118,671
25.11.2015 04:00:00,123,295
25.11.2015 04:05:00,132,376
25.11.2015 04:10:00,149,606
25.11.2015 04:15:00,114,292
25.11.2015 04:20:00,121,185
25.11.2015 04:25:00,114,467
25.11.2015 04:30:00,121,226
25.11.2015 04:35:00,116,292
25.11.2015 04:40:00,113,199
25.11.2015 04:45:00,114,139
25.11.2015 04:50:00,121,152
25.11.2015 04:55:00,120,704
25.11.2015 05:00:00,122,344
25.11.2015 05:05:00,119,548
25.11.2015 05:10:00,121,223
25.11.2015 05:15:00,115,393
25.11.2015 05:20:00,121,180
25.11.2015 05:25:00,116,401
25.11.2015 05:30:00,120,139
25.11.2015 05:35:00,114,254
25.11.2015 05:40:00,120,221
25.11.2015 05:45:00,114,376
25.11.2015 05:50:00,114,213
25.11.2015 05:55:00,120,403
25.11.2015 06:00:00,115,166
25.11.2015 06:05:00,114,87
25.11.2015 06:10:00,113,133
25.11.2015 06:15:00,114,111
25.11.2015 06:20:00,122,147
25.11.2015 06:25:00,113,324
25.11.2015 06:30:00,123,180
25.11.2015 06:35:00,114,354
25.11.2015 06:40:00,113,152
25.11.2015 06:45:00,115,114
25.11.2015 06:50:00,121,185
25.11.2015 06:55:00,119,546
25.11.2015 07:00:00,115,245
25.11.2015 07:05:00,113,199
25.11.2015 07:10:00,118,174
25.11.2015 07:15:00,116,398
25.11.2015 07:20:00,114,193
25.11.2015 07:25:00,110,163
25.11.2015 07:30:00,119,193
25.11.2015 07:35:00,112,426
25.11.2015 07:40:00,119,169
25.11.2015 07:45:00,151,660
25.11.2015 07:50:00,117,543
25.11.2015 07:55:00,1046,1542
25.11.2015 08:00:00,145,1479
25.11.2015 08:05:00,237,794
25.11.2015 08:10:00,117,507
25.11.2015 08:15:00,132,248
25.11.2015 08:20:00,161,333
25.11.2015 08:25:00,120,387
25.11.2015 08:30:00,138,327
25.11.2015 08:35:00,448,950
25.11.2015 08:40:00,176,911
25.11.2015 08:45:00,120,453
25.11.2015 08:50:00,118,218
25.11.2015 08:55:00,182,625
25.11.2015 09:00:00,116,570
25.11.2015 09:05:00,119,308
25.11.2015 09:10:00,177,731
25.11.2015 09:15:00,141,753
25.11.2015 09:20:00,160,475
25.11.2015 09:25:00,352,843
25.11.2015 09:30:00,141,917
25.11.2015 09:35:00,166,791
25.11.2015 09:40:00,141,737
25.11.2015 09:45:00,142,688
25.11.2015 09:50:00,205,933
25.11.2015 09:55:00,168,958
25.11.2015 10:00:00,159,729
25.11.2015 10:05:00,174,974
25.11.2015 10:10:00,191,791
25.11.2015 10:15:00,139,1007
25.11.2015 10:20:00,127,461
25.11.2015 10:25:00,125,444
25.11.2015 10:30:00,150,753
25.11.2015 10:35:00,185,893
25.11.2015 10:40:00,113,731
25.11.2015 10:45:00,169,598
25.11.2015 10:50:00,164,1155
25.11.2015 10:55:00,130,600
25.11.2015 11:00:00,118,570
25.11.2015 11:05:00,125,398
25.11.2015 11:10:00,113,395
25.11.2015 11:15:00,113,174
25.11.2015 11:20:00,133,256
25.11.2015 11:25:00,116,570
25.11.2015 11:30:00,115,248
25.11.2015 11:35:00,125,346
25.11.2015 11:40:00,112,551
25.11.2015 11:45:00,136,313
25.11.2015 11:50:00,127,477
25.11.2015 11:55:00,152,379
25.11.2015 12:00:00,123,567
25.11.2015 12:05:00,113,251
25.11.2015 12:10:00,113,237
25.11.2015 12:15:00,113,152
25.11.2015 12:20:00,114,117
25.11.2015 12:25:00,113,117
25.11.2015 12:30:00,114,150
25.11.2015 12:35:00,113,221
25.11.2015 12:40:00,111,163
25.11.2015 12:45:00,125,254
25.11.2015 12:50:00,114,442
25.11.2015 12:55:00,151,431
25.11.2015 13:00:00,114,696
25.11.2015 13:05:00,111,229
25.11.2015 13:10:00,146,292
25.11.2015 13:15:00,113,502
25.11.2015 13:20:00,113,172
25.11.2015 13:25:00,123,161
25.11.2015 13:30:00,153,439
25.11.2015 13:35:00,113,816
25.11.2015 13:40:00,152,532
25.11.2015 13:45:00,172,680
25.11.2015 13:50:00,186,1004
25.11.2015 13:55:00,165,1026
25.11.2015 14:00:00,137,890
25.11.2015 14:05:00,122,526
25.11.2015 14:10:00,113,540
25.11.2015 14:15:00,113,262
25.11.2015 14:20:00,114,188
25.11.2015 14:25:00,121,213
25.11.2015 14:30:00,114,385
25.11.2015 14:35:00,145,349
25.11.2015 14:40:00,120,589
25.11.2015 14:45:00,135,395
25.11.2015 14:50:00,112,581
25.11.2015 14:55:00,140,338
25.11.2015 15:00:00,115,608
25.11.2015 15:05:00,113,254
25.11.2015 15:10:00,112,213
25.11.2015 15:15:00,116,158
25.11.2015 15:20:00,113,131
25.11.2015 15:25:00,115,193
25.11.2015 15:30:00,114,213
25.11.2015 15:35:00,121,264
25.11.2015 15:40:00,123,442
25.11.2015 15:45:00,114,434
25.11.2015 15:50:00,113,221
25.11.2015 15:55:00,134,362
25.11.2015 16:00:00,115,720
25.11.2015 16:05:00,121,371
25.11.2015 16:10:00,115,521
25.11.2015 16:15:00,122,368
25.11.2015 16:20:00,113,376
25.11.2015 16:25:00,116,254
25.11.2015 16:30:00,128,300
25.11.2015 16:35:00,111,488
25.11.2015 16:40:00,112,240
25.11.2015 16:45:00,120,275
25.11.2015 16:50:00,113,338
25.11.2015 16:55:00,137,327
25.11.2015 17:00:00,116,603
25.11.2015 17:05:00,107,264
25.11.2015 17:10:00,111,152
25.11.2015 17:15:00,113,161
25.11.2015 17:20:00,114,128
25.11.2015 17:25:00,115,100
25.11.2015 17:30:00,123,251
25.11.2015 17:35:00,153,819
25.11.2015 17:40:00,130,748
25.11.2015 17:45:00,120,524
25.11.2015 17:50:00,131,581
25.11.2015 17:55:00,140,483
25.11.2015 18:00:00,127,778
25.11.2015 18:05:00,114,409
25.11.2015 18:10:00,112,131
25.11.2015 18:15:00,114,172
25.11.2015 18:20:00,115,155
25.11.2015 18:25:00,120,475
25.11.2015 18:30:00,114,393
25.11.2015 18:35:00,112,256
25.11.2015 18:40:00,111,188
25.11.2015 18:45:00,125,248
25.11.2015 18:50:00,112,360
25.11.2015 18:55:00,128,281
25.11.2015 19:00:00,112,573
25.11.2015 19:05:00,119,256
25.11.2015 19:10:00,113,319
25.11.2015 19:15:00,112,161
25.11.2015 19:20:00,114,120
25.11.2015 19:25:00,123,234
25.11.2015 19:30:00,115,349
25.11.2015 19:35:00,122,267
25.11.2015 19:40:00,115,423
25.11.2015 19:45:00,113,202
25.11.2015 19:50:00,112,120
25.11.2015 19:55:00,127,319
25.11.2015 20:00:00,112,485
25.11.2015 20:05:00,117,292
25.11.2015 20:10:00,112,190
25.11.2015 20:15:00,114,141
25.11.2015 20:20:00,113,172
25.11.2015 20:25:00,113,172
25.11.2015 20:30:00,114,204
25.11.2015 20:35:00,113,204
25.11.2015 20:40:00,112,188
25.11.2015 20:45:00,123,237
25.11.2015 20:50:00,117,458
25.11.2015 20:55:00,133,330
25.11.2015 21:00:00,114,516
25.11.2015 21:05:00,121,327
25.11.2015 21:10:00,112,403
25.11.2015 21:15:00,117,182
25.11.2015 21:20:00,114,248
25.11.2015 21:25:00,120,295
25.11.2015 21:30:00,113,237
25.11.2015 21:35:00,119,234
25.11.2015 21:40:00,113,374
25.11.2015 21:45:00,114,166
25.11.2015 21:50:00,113,98
25.11.2015 21:55:00,124,199
25.11.2015 22:00:00,116,475
25.11.2015 22:05:00,121,215
25.11.2015 22:10:00,114,283
25.11.2015 22:15:00,121,240
25.11.2015 22:20:00,113,344
25.11.2015 22:25:00,119,251
25.11.2015 22:30:00,114,395
25.11.2015 22:35:00,120,248
25.11.2015 22:40:00,111,319
25.11.2015 22:45:00,120,215
25.11.2015 22:50:00,112,349
25.11.2015 22:55:00,118,254
25.11.2015 23:00:00,114,385
25.11.2015 23:05:00,112,163
25.11.2015 23:10:00,110,122
25.11.2015 23:15:00,112,131
25.11.2015 23:20:00,111,147
25.11.2015 23:25:00,112,106
25.11.2015 23:30:00,115,147
25.11.2015 23:35:00,115,147
25.11.2015 23:40:00,114,139
25.11.2015 23:45:00,125,319
25.11.2015 23:50:00,114,264
25.11.2015 23:55:00,125,264
26.11.2015 00:00:00,118,491
26.11.2015 00:05:00,122,278
26.11.2015 00:10:00,113,368
26.11.2015 00:15:00,117,147
26.11.2015 00:20:00,114,155
26.11.2015 00:25:00,216,365
26.11.2015 00:30:00,120,1018
26.11.2015 00:35:00,110,376
26.11.2015 00:40:00,111,237
26.11.2015 00:45:00,121,248
26.11.2015 00:50:00,112,385
26.11.2015 00:55:00,117,286
26.11.2015 01:00:00,109,467
26.11.2015 01:05:00,133,554
26.11.2015 01:10:00,114,357
26.11.2015 01:15:00,119,139
26.11.2015 01:20:00,113,185
26.11.2015 01:25:00,112,122
26.11.2015 01:30:00,112,117
26.11.2015 01:35:00,114,131
26.11.2015 01:40:00,114,155
26.11.2015 01:45:00,116,213
26.11.2015 01:50:00,114,131
26.11.2015 01:55:00,122,136
26.11.2015 02:00:00,115,352
26.11.2015 02:05:00,114,155
26.11.2015 02:10:00,114,150
26.11.2015 02:15:00,115,131
26.11.2015 02:20:00,113,155
26.11.2015 02:25:00,123,204
26.11.2015 02:30:00,117,385
26.11.2015 02:35:00,116,152
26.11.2015 02:40:00,112,128
26.11.2015 02:45:00,122,218
26.11.2015 02:50:00,114,322
26.11.2015 02:55:00,121,272
26.11.2015 03:00:00,116,442
26.11.2015 03:05:00,117,297
26.11.2015 03:10:00,114,289
26.11.2015 03:15:00,123,313
26.11.2015 03:20:00,112,256
26.11.2015 03:25:00,113,150
26.11.2015 03:30:00,115,136
26.11.2015 03:35:00,122,264
26.11.2015 03:40:00,113,426
26.11.2015 03:45:00,123,275
26.11.2015 03:50:00,114,352
26.11.2015 03:55:00,120,242
26.11.2015 04:00:00,114,376
26.11.2015 04:05:00,124,185
26.11.2015 04:10:00,114,221
26.11.2015 04:15:00,115,188
26.11.2015 04:20:00,114,188
26.11.2015 04:25:00,121,286
26.11.2015 04:30:00,117,417
26.11.2015 04:35:00,121,245
26.11.2015 04:40:00,113,270
26.11.2015 04:45:00,123,278
26.11.2015 04:50:00,114,335
26.11.2015 04:55:00,127,221
26.11.2015 05:00:00,114,403
26.11.2015 05:05:00,118,210
26.11.2015 05:10:00,111,210
26.11.2015 05:15:00,115,199
26.11.2015 05:20:00,117,136
26.11.2015 05:25:00,114,193
26.11.2015 05:30:00,115,117
26.11.2015 05:35:00,120,237
26.11.2015 05:40:00,113,338
26.11.2015 05:45:00,117,133
26.11.2015 05:50:00,117,100
26.11.2015 05:55:00,126,335
26.11.2015 06:00:00,113,704
26.11.2015 06:05:00,115,229
26.11.2015 06:10:00,112,163
26.11.2015 06:15:00,121,161
26.11.2015 06:20:00,113,341
26.11.2015 06:25:00,113,131
26.11.2015 06:30:00,114,139
26.11.2015 06:35:00,115,172
26.11.2015 06:40:00,114,155
26.11.2015 06:45:00,116,139
26.11.2015 06:50:00,115,111
26.11.2015 06:55:00,128,237
26.11.2015 07:00:00,114,603
26.11.2015 07:05:00,121,237
26.11.2015 07:10:00,112,352
26.11.2015 07:15:00,120,213
26.11.2015 07:20:00,115,352
26.11.2015 07:25:00,124,305
26.11.2015 07:30:00,114,382
26.11.2015 07:35:00,112,141
26.11.2015 07:40:00,110,98
26.11.2015 07:45:00,113,114
26.11.2015 07:50:00,114,177
26.11.2015 07:55:00,121,213
26.11.2015 08:00:00,114,491
26.11.2015 08:05:00,126,436
26.11.2015 08:10:00,159,324
26.11.2015 08:15:00,122,406
26.11.2015 08:20:00,113,352
26.11.2015 08:25:00,117,193
26.11.2015 08:30:00,114,368
26.11.2015 08:35:00,113,139
26.11.2015 08:40:00,114,131
26.11.2015 08:45:00,114,87
26.11.2015 08:50:00,113,131
26.11.2015 08:55:00,121,202
26.11.2015 09:00:00,113,589
26.11.2015 09:05:00,119,338
26.11.2015 09:10:00,115,376
26.11.2015 09:15:00,115,185
26.11.2015 09:20:00,116,163
26.11.2015 09:25:00,120,199
26.11.2015 09:30:00,113,319
26.11.2015 09:35:00,118,147
26.11.2015 09:40:00,123,283
26.11.2015 09:45:00,137,581
26.11.2015 09:50:00,138,805
26.11.2015 09:55:00,133,663
26.11.2015 10:00:00,113,639
26.11.2015 10:05:00,110,229
26.11.2015 10:10:00,111,136
26.11.2015 10:15:00,168,546
26.11.2015 10:20:00,116,870
26.11.2015 10:25:00,119,382
26.11.2015 10:30:00,113,387
26.11.2015 10:35:00,160,529
26.11.2015 10:40:00,112,726
26.11.2015 10:45:00,122,374
26.11.2015 10:50:00,113,496
26.11.2015 10:55:00,132,308
26.11.2015 11:00:00,118,630
26.11.2015 11:05:00,108,319
26.11.2015 11:10:00,117,229
26.11.2015 11:15:00,171,791
26.11.2015 11:20:00,120,720
26.11.2015 11:25:00,157,712
26.11.2015 11:30:00,156,1073
26.11.2015 11:35:00,140,950
26.11.2015 11:40:00,170,1015
26.11.2015 11:45:00,144,933
26.11.2015 11:50:00,138,857
26.11.2015 11:55:00,131,587
26.11.2015 12:00:00,125,821
26.11.2015 12:05:00,135,657
26.11.2015 12:10:00,112,920
26.11.2015 12:15:00,119,387
26.11.2015 12:20:00,112,319
26.11.2015 12:25:00,113,95
26.11.2015 12:30:00,117,82
26.11.2015 12:35:00,113,57
26.11.2015 12:40:00,112,84
26.11.2015 12:45:00,123,240
26.11.2015 12:50:00,112,464
26.11.2015 12:55:00,120,196
26.11.2015 13:00:00,110,426
26.11.2015 13:05:00,118,259
26.11.2015 13:10:00,129,584
26.11.2015 13:15:00,112,516
26.11.2015 13:20:00,120,412
26.11.2015 13:25:00,121,330
26.11.2015 13:30:00,131,688
26.11.2015 13:35:00,119,475
26.11.2015 13:40:00,111,327
26.11.2015 13:45:00,120,229
26.11.2015 13:50:00,134,524
26.11.2015 13:55:00,136,655
26.11.2015 14:00:00,119,639
26.11.2015 14:05:00,112,335
26.11.2015 14:10:00,111,106
26.11.2015 14:15:00,123,202
26.11.2015 14:20:00,112,262
26.11.2015 14:25:00,115,180
26.11.2015 14:30:00,122,300
26.11.2015 14:35:00,114,458
26.11.2015 14:40:00,114,172
26.11.2015 14:45:00,127,401
26.11.2015 14:50:00,117,327
26.11.2015 14:55:00,122,286
26.11.2015 15:00:00,113,475
26.11.2015 15:05:00,119,254
26.11.2015 15:10:00,111,300
26.11.2015 15:15:00,181,464
26.11.2015 15:20:00,115,909
26.11.2015 15:25:00,113,322
26.11.2015 15:30:00,118,267
26.11.2015 15:35:00,132,483
26.11.2015 15:40:00,112,592
26.11.2015 15:45:00,120,281
26.11.2015 15:50:00,113,264
26.11.2015 15:55:00,128,289
26.11.2015 16:00:00,113,753
26.11.2015 16:05:00,118,295
26.11.2015 16:10:00,111,316
26.11.2015 16:15:00,120,300
26.11.2015 16:20:00,149,881
26.11.2015 16:25:00,113,499
26.11.2015 16:30:00,114,278
26.11.2015 16:35:00,117,254
26.11.2015 16:40:00,111,319
26.11.2015 16:45:00,112,169
26.11.2015 16:50:00,113,229
26.11.2015 16:55:00,120,166
26.11.2015 17:00:00,115,436
26.11.2015 17:05:00,114,237
26.11.2015 17:10:00,110,292
26.11.2015 17:15:00,110,131
26.11.2015 17:20:00,113,109
26.11.2015 17:25:00,114,95
26.11.2015 17:30:00,111,152
26.11.2015 17:35:00,117,262
26.11.2015 17:40:00,113,472
26.11.2015 17:45:00,110,182
26.11.2015 17:50:00,108,76
26.11.2015 17:55:00,118,131
26.11.2015 18:00:00,111,374
26.11.2015 18:05:00,111,161
26.11.2015 18:10:00,111,174
26.11.2015 18:15:00,122,172
26.11.2015 18:20:00,114,313
26.11.2015 18:25:00,111,109
26.11.2015 18:30:00,115,111
26.11.2015 18:35:00,122,278
26.11.2015 18:40:00,120,450
26.11.2015 18:45:00,146,546
26.11.2015 18:50:00,128,868
26.11.2015 18:55:00,119,458
26.11.2015 19:00:00,112,409
26.11.2015 19:05:00,124,344
26.11.2015 19:10:00,125,639
26.11.2015 19:15:00,121,434
26.11.2015 19:20:00,113,295
26.11.2015 19:25:00,113,155
26.11.2015 19:30:00,117,109
26.11.2015 19:35:00,129,161
26.11.2015 19:40:00,111,371
26.11.2015 19:45:00,113,128
26.11.2015 19:50:00,115,95
26.11.2015 19:55:00,128,196
26.11.2015 20:00:00,117,680
26.11.2015 20:05:00,123,401
26.11.2015 20:10:00,112,458
26.11.2015 20:15:00,131,275
26.11.2015 20:20:00,113,295
26.11.2015 20:25:00,126,218
26.11.2015 20:30:00,120,663
26.11.2015 20:35:00,120,393
26.11.2015 20:40:00,112,426
26.11.2015 20:45:00,119,204
26.11.2015 20:50:00,112,204
26.11.2015 20:55:00,126,188
26.11.2015 21:00:00,114,412
26.11.2015 21:05:00,124,333
26.11.2015 21:10:00,110,467
26.11.2015 21:15:00,129,444
26.11.2015 21:20:00,112,467
26.11.2015 21:25:00,124,295
26.11.2015 21:30:00,114,344
26.11.2015 21:35:00,121,240
26.11.2015 21:40:00,112,360
26.11.2015 21:45:00,113,106
26.11.2015 21:50:00,114,98
26.11.2015 21:55:00,122,147
26.11.2015 22:00:00,114,450
26.11.2015 22:05:00,118,213
26.11.2015 22:10:00,111,322
26.11.2015 22:15:00,131,226
26.11.2015 22:20:00,114,382
26.11.2015 22:25:00,122,248
26.11.2015 22:30:00,114,406
26.11.2015 22:35:00,113,152
26.11.2015 22:40:00,113,120
26.11.2015 22:45:00,127,281
26.11.2015 22:50:00,139,729
26.11.2015 22:55:00,151,783
26.11.2015 23:00:00,140,854
26.11.2015 23:05:00,116,835
26.11.2015 23:10:00,111,395
26.11.2015 23:15:00,118,272
26.11.2015 23:20:00,110,401
26.11.2015 23:25:00,116,199
26.11.2015 23:30:00,114,305
26.11.2015 23:35:00,114,141
26.11.2015 23:40:00,112,147
26.11.2015 23:45:00,115,131
26.11.2015 23:50:00,115,106
26.11.2015 23:55:00,130,207
27.11.2015 00:00:00,114,603
27.11.2015 00:05:00,118,316
27.11.2015 00:10:00,110,300
27.11.2015 00:15:00,121,313
27.11.2015 00:20:00,110,210
27.11.2015 00:25:00,125,196
27.11.2015 00:30:00,112,357
27.11.2015 00:35:00,122,231
27.11.2015 00:40:00,114,362
27.11.2015 00:45:00,124,218
27.11.2015 00:50:00,115,335
27.11.2015 00:55:00,127,199
27.11.2015 01:00:00,114,630
27.11.2015 01:05:00,115,254
27.11.2015 01:10:00,113,161
27.11.2015 01:15:00,114,270
27.11.2015 01:20:00,112,114
27.11.2015 01:25:00,118,213
27.11.2015 01:30:00,114,262
27.11.2015 01:35:00,116,120
27.11.2015 01:40:00,114,141
27.11.2015 01:45:00,122,256
27.11.2015 01:50:00,116,327
27.11.2015 01:55:00,126,303
27.11.2015 02:00:00,115,600
27.11.2015 02:05:00,120,286
27.11.2015 02:10:00,112,237
27.11.2015 02:15:00,121,311
27.11.2015 02:20:00,114,352
27.11.2015 02:25:00,113,177
27.11.2015 02:30:00,114,182
27.11.2015 02:35:00,120,311
27.11.2015 02:40:00,113,272
27.11.2015 02:45:00,121,229
27.11.2015 02:50:00,114,324
27.11.2015 02:55:00,127,262
27.11.2015 03:00:00,115,663
27.11.2015 03:05:00,114,237
27.11.2015 03:10:00,114,128
27.11.2015 03:15:00,118,128
27.11.2015 03:20:00,114,109
27.11.2015 03:25:00,120,231
27.11.2015 03:30:00,114,385
27.11.2015 03:35:00,113,114
27.11.2015 03:40:00,113,147
27.11.2015 03:45:00,108,131
27.11.2015 03:50:00,111,106
27.11.2015 03:55:00,127,229
27.11.2015 04:00:00,114,589
27.11.2015 04:05:00,129,262
27.11.2015 04:10:00,113,365
27.11.2015 04:15:00,113,155
27.11.2015 04:20:00,113,117
27.11.2015 04:25:00,113,100
27.11.2015 04:30:00,116,150
27.11.2015 04:35:00,121,182
27.11.2015 04:40:00,113,311
27.11.2015 04:45:00,121,267
27.11.2015 04:50:00,113,322
27.11.2015 04:55:00,119,174
27.11.2015 05:00:00,114,415
27.11.2015 05:05:00,125,207
27.11.2015 05:10:00,116,295
27.11.2015 05:15:00,121,229
27.11.2015 05:20:00,116,283
27.11.2015 05:25:00,118,202
27.11.2015 05:30:00,114,344
27.11.2015 05:35:00,113,182
27.11.2015 05:40:00,112,144
27.11.2015 05:45:00,114,122
27.11.2015 05:50:00,113,147
27.11.2015 05:55:00,120,117
27.11.2015 06:00:00,115,409
27.11.2015 06:05:00,121,295
27.11.2015 06:10:00,112,368
27.11.2015 06:15:00,121,295
27.11.2015 06:20:00,114,458
27.11.2015 06:25:00,115,221
27.11.2015 06:30:00,116,139
27.11.2015 06:35:00,120,229
27.11.2015 06:40:00,113,311
27.11.2015 06:45:00,121,180
27.11.2015 06:50:00,114,262
27.11.2015 06:55:00,120,122
27.11.2015 07:00:00,116,436
27.11.2015 07:05:00,121,242
27.11.2015 07:10:00,113,272
27.11.2015 07:15:00,113,120
27.11.2015 07:20:00,113,144
27.11.2015 07:25:00,117,335
27.11.2015 07:30:00,113,330
27.11.2015 07:35:00,112,128
27.11.2015 07:40:00,111,131
27.11.2015 07:45:00,113,131
27.11.2015 07:50:00,113,109
27.11.2015 07:55:00,122,188
27.11.2015 08:00:00,115,436
27.11.2015 08:05:00,121,428
27.11.2015 08:10:00,117,444
27.11.2015 08:15:00,120,305
27.11.2015 08:20:00,112,295
27.11.2015 08:25:00,118,248
27.11.2015 08:30:00,113,406
27.11.2015 08:35:00,120,272
27.11.2015 08:40:00,116,393
27.11.2015 08:45:00,112,295
27.11.2015 08:50:00,126,289
27.11.2015 08:55:00,130,625
27.11.2015 09:00:00,125,794
27.11.2015 09:05:00,145,811
27.11.2015 09:10:00,111,548
27.11.2015 09:15:00,124,368
27.11.2015 09:20:00,118,592
27.11.2015 09:25:00,119,295
27.11.2015 09:30:00,114,308
27.11.2015 09:35:00,113,125
27.11.2015 09:40:00,124,144
27.11.2015 09:45:00,152,709
27.11.2015 09:50:00,113,529
27.11.2015 09:55:00,121,196
27.11.2015 10:00:00,113,390
27.11.2015 10:05:00,122,338
27.11.2015 10:10:00,129,469
27.11.2015 10:15:00,121,502
27.11.2015 10:20:00,113,390
27.11.2015 10:25:00,114,193
27.11.2015 10:30:00,117,362
27.11.2015 10:35:00,120,242
27.11.2015 10:40:00,111,409
27.11.2015 10:45:00,124,281
27.11.2015 10:50:00,113,338
27.11.2015 10:55:00,121,207
27.11.2015 11:00:00,117,496
27.11.2015 11:05:00,109,305
27.11.2015 11:10:00,110,172
27.11.2015 11:15:00,120,122
27.11.2015 11:20:00,112,188
27.11.2015 11:25:00,118,180
27.11.2015 11:30:00,113,376
27.11.2015 11:35:00,120,237
27.11.2015 11:40:00,110,344
27.11.2015 11:45:00,120,229
27.11.2015 11:50:00,113,311
27.11.2015 11:55:00,126,278
27.11.2015 12:00:00,113,592
27.11.2015 12:05:00,113,202
27.11.2015 12:10:00,113,122
27.11.2015 12:15:00,119,210
27.11.2015 12:20:00,133,376
27.11.2015 12:25:00,115,726
27.11.2015 12:30:00,113,251
27.11.2015 12:35:00,120,166
27.11.2015 12:40:00,111,305
27.11.2015 12:45:00,119,174
27.11.2015 12:50:00,114,267
27.11.2015 12:55:00,128,272
27.11.2015 13:00:00,114,720
27.11.2015 13:05:00,119,270
27.11.2015 13:10:00,112,352
27.11.2015 13:15:00,112,185
27.11.2015 13:20:00,112,144
27.11.2015 13:25:00,112,68
27.11.2015 13:30:00,113,103
27.11.2015 13:35:00,119,218
27.11.2015 13:40:00,116,333
27.11.2015 13:45:00,135,362
27.11.2015 13:50:00,122,737
27.11.2015 13:55:00,144,540
27.11.2015 14:00:00,193,1048
27.11.2015 14:05:00,726,1925
27.11.2015 14:10:00,194,1212
27.11.2015 14:15:00,198,616
27.11.2015 14:20:00,238,786
27.11.2015 14:25:00,216,909
27.11.2015 14:30:00,166,767
27.11.2015 14:35:00,125,557
27.11.2015 14:40:00,128,374
27.11.2015 14:45:00,134,420
27.11.2015 14:50:00,120,494
27.11.2015 14:55:00,154,666
27.11.2015 15:00:00,118,360
27.11.2015 15:05:00,143,461
27.11.2015 15:10:00,122,491
27.11.2015 15:15:00,132,374
27.11.2015 15:20:00,117,420
27.11.2015 15:25:00,114,289
27.11.2015 15:30:00,211,639
27.11.2015 15:35:00,144,603
27.11.2015 15:40:00,213,750
27.11.2015 15:45:00,153,895
27.11.2015 15:50:00,118,682
27.11.2015 15:55:00,113,357
27.11.2015 16:00:00,114,278
27.11.2015 16:05:00,120,415
27.11.2015 16:10:00,121,286
27.11.2015 16:15:00,117,221
27.11.2015 16:20:00,120,286
27.11.2015 16:25:00,127,316
27.11.2015 16:30:00,115,467
27.11.2015 16:35:00,125,245
27.11.2015 16:40:00,112,483
27.11.2015 16:45:00,131,264
27.11.2015 16:50:00,121,450
27.11.2015 16:55:00,164,409
27.11.2015 17:00:00,249,832
27.11.2015 17:05:00,172,999
27.11.2015 17:10:00,112,791
27.11.2015 17:15:00,134,409
27.11.2015 17:20:00,115,565
27.11.2015 17:25:00,122,335
27.11.2015 17:30:00,126,477
27.11.2015 17:35:00,120,308
27.11.2015 17:40:00,114,272
27.11.2015 17:45:00,117,262
27.11.2015 17:50:00,112,218
27.11.2015 17:55:00,112,161
27.11.2015 18:00:00,114,215
27.11.2015 18:05:00,138,439
27.11.2015 18:10:00,113,562
27.11.2015 18:15:00,118,297
27.11.2015 18:20:00,117,289
27.11.2015 18:25:00,131,305
27.11.2015 18:30:00,115,455
27.11.2015 18:35:00,113,223
27.11.2015 18:40:00,112,254
27.11.2015 18:45:00,113,259
27.11.2015 18:50:00,110,270
27.11.2015 18:55:00,113,270
27.11.2015 19:00:00,113,237
27.11.2015 19:05:00,135,458
27.11.2015 19:10:00,117,540
27.11.2015 19:15:00,115,245
27.11.2015 19:20:00,114,295
27.11.2015 19:25:00,123,210
27.11.2015 19:30:00,113,458
27.11.2015 19:35:00,115,262
27.11.2015 19:40:00,121,352
27.11.2015 19:45:00,142,346
27.11.2015 19:50:00,117,507
27.11.2015 19:55:00,128,401
27.11.2015 20:00:00,121,447
27.11.2015 20:05:00,171,881
27.11.2015 20:10:00,112,426
27.11.2015 20:15:00,123,292
27.11.2015 20:20:00,115,450
27.11.2015 20:25:00,115,229
27.11.2015 20:30:00,116,234
27.11.2015 20:35:00,121,210
27.11.2015 20:40:00,114,529
27.11.2015 20:45:00,121,254
27.11.2015 20:50:00,114,461
27.11.2015 20:55:00,114,202
27.11.2015 21:00:00,115,172
27.11.2015 21:05:00,128,461
27.11.2015 21:10:00,112,589
27.11.2015 21:15:00,114,242
27.11.2015 21:20:00,111,152
27.11.2015 21:25:00,127,295
27.11.2015 21:30:00,115,464
27.11.2015 21:35:00,114,254
27.11.2015 21:40:00,113,180
27.11.2015 21:45:00,130,231
27.11.2015 21:50:00,126,573
27.11.2015 21:55:00,113,409
27.11.2015 22:00:00,116,180
27.11.2015 22:05:00,132,496
27.11.2015 22:10:00,113,524
27.11.2015 22:15:00,127,283
27.11.2015 22:20:00,135,666
27.11.2015 22:25:00,117,436
27.11.2015 22:30:00,111,248
27.11.2015 22:35:00,110,188
27.11.2015 22:40:00,112,226
27.11.2015 22:45:00,122,185
27.11.2015 22:50:00,117,352
27.11.2015 22:55:00,115,190
27.11.2015 23:00:00,117,267
27.11.2015 23:05:00,122,575
27.11.2015 23:10:00,113,333
27.11.2015 23:15:00,121,229
27.11.2015 23:20:00,116,428
27.11.2015 23:25:00,112,193
27.11.2015 23:30:00,115,234
27.11.2015 23:35:00,114,158
27.11.2015 23:40:00,113,158
27.11.2015 23:45:00,123,158
27.11.2015 23:50:00,114,300
27.11.2015 23:55:00,115,215
28.11.2015 00:00:00,118,237
28.11.2015 00:05:00,121,393
28.11.2015 00:10:00,112,245
28.11.2015 00:15:00,114,172
28.11.2015 00:20:00,214,254
28.11.2015 00:25:00,126,1097
28.11.2015 00:30:00,112,417
28.11.2015 00:35:00,122,264
28.11.2015 00:40:00,114,491
28.11.2015 00:45:00,123,267
28.11.2015 00:50:00,112,507
28.11.2015 00:55:00,118,275
28.11.2015 01:00:00,115,379
28.11.2015 01:05:00,122,428
28.11.2015 01:10:00,112,264
28.11.2015 01:15:00,123,248
28.11.2015 01:20:00,115,390
28.11.2015 01:25:00,101,213
28.11.2015 01:30:00,100,218
28.11.2015 01:35:00,105,248
28.11.2015 01:40:00,109,434
28.11.2015 01:45:00,115,218
28.11.2015 01:50:00,115,169
28.11.2015 01:55:00,116,190
28.11.2015 02:00:00,142,166
28.11.2015 02:05:00,122,428
28.11.2015 02:10:00,113,262
28.11.2015 02:15:00,127,251
28.11.2015 02:20:00,114,475
28.11.2015 02:25:00,121,215
28.11.2015 02:30:00,115,417
28.11.2015 02:35:00,121,295
28.11.2015 02:40:00,116,436
28.11.2015 02:45:00,116,254
28.11.2015 02:50:00,114,295
28.11.2015 02:55:00,121,193
28.11.2015 03:00:00,117,360
28.11.2015 03:05:00,120,442
28.11.2015 03:10:00,112,270
28.11.2015 03:15:00,121,180
28.11.2015 03:20:00,113,426
28.11.2015 03:25:00,120,204
28.11.2015 03:30:00,116,450
28.11.2015 03:35:00,120,278
28.11.2015 03:40:00,120,393
28.11.2015 03:45:00,124,324
28.11.2015 03:50:00,116,431
28.11.2015 03:55:00,121,248
28.11.2015 04:00:00,114,417
28.11.2015 04:05:00,130,417
28.11.2015 04:10:00,113,352
28.11.2015 04:15:00,115,166
28.11.2015 04:20:00,115,199
28.11.2015 04:25:00,114,128
28.11.2015 04:30:00,115,152
28.11.2015 04:35:00,115,155
28.11.2015 04:40:00,114,196
28.11.2015 04:45:00,123,251
28.11.2015 04:50:00,114,426
28.11.2015 04:55:00,120,275
28.11.2015 05:00:00,114,401
28.11.2015 05:05:00,131,469
28.11.2015 05:10:00,113,360
28.11.2015 05:15:00,115,202
28.11.2015 05:20:00,115,163
28.11.2015 05:25:00,114,147
28.11.2015 05:30:00,116,180
28.11.2015 05:35:00,121,193
28.11.2015 05:40:00,115,434
28.11.2015 05:45:00,125,221
28.11.2015 05:50:00,115,335
28.11.2015 05:55:00,114,155
28.11.2015 06:00:00,115,229
28.11.2015 06:05:00,128,401
28.11.2015 06:10:00,115,395
28.11.2015 06:15:00,115,245
28.11.2015 06:20:00,114,199
28.11.2015 06:25:00,120,202
28.11.2015 06:30:00,116,428
28.11.2015 06:35:00,123,270
28.11.2015 06:40:00,113,395
28.11.2015 06:45:00,123,207
28.11.2015 06:50:00,115,409
28.11.2015 06:55:00,125,251
28.11.2015 07:00:00,117,505
28.11.2015 07:05:00,128,420
28.11.2015 07:10:00,113,485
28.11.2015 07:15:00,115,221
28.11.2015 07:20:00,114,161
28.11.2015 07:25:00,120,218
28.11.2015 07:30:00,114,431
28.11.2015 07:35:00,116,128
28.11.2015 07:40:00,114,180
28.11.2015 07:45:00,138,406
28.11.2015 07:50:00,128,677
28.11.2015 07:55:00,121,385
28.11.2015 08:00:00,115,450
28.11.2015 08:05:00,128,461
28.11.2015 08:10:00,114,507
28.11.2015 08:15:00,116,237
28.11.2015 08:20:00,115,180
28.11.2015 08:25:00,120,231
28.11.2015 08:30:00,114,458
28.11.2015 08:35:00,115,188
28.11.2015 08:40:00,116,180
28.11.2015 08:45:00,116,237
28.11.2015 08:50:00,115,180
28.11.2015 08:55:00,119,234
28.11.2015 09:00:00,116,360
28.11.2015 09:05:00,119,439
28.11.2015 09:10:00,112,303
28.11.2015 09:15:00,123,237
28.11.2015 09:20:00,113,423
28.11.2015 09:25:00,112,267
28.11.2015 09:30:00,115,193
28.11.2015 09:35:00,113,117
28.11.2015 09:40:00,112,169
28.11.2015 09:45:00,129,303
28.11.2015 09:50:00,120,614
28.11.2015 09:55:00,118,330
28.11.2015 10:00:00,112,382
28.11.2015 10:05:00,119,453
28.11.2015 10:10:00,111,322
28.11.2015 10:15:00,114,166
28.11.2015 10:20:00,112,166
28.11.2015 10:25:00,112,128
28.11.2015 10:30:00,114,131
28.11.2015 10:35:00,123,234
28.11.2015 10:40:00,112,393
28.11.2015 10:45:00,122,190
28.11.2015 10:50:00,113,516
28.11.2015 10:55:00,111,188
28.11.2015 11:00:00,113,245
28.11.2015 11:05:00,125,344
28.11.2015 11:10:00,111,401
28.11.2015 11:15:00,120,292
28.11.2015 11:20:00,112,477
28.11.2015 11:25:00,119,278
28.11.2015 11:30:00,114,434
28.11.2015 11:35:00,113,215
28.11.2015 11:40:00,111,144
28.11.2015 11:45:00,113,133
28.11.2015 11:50:00,113,131
28.11.2015 11:55:00,120,188
28.11.2015 12:00:00,115,357
28.11.2015 12:05:00,118,436
28.11.2015 12:10:00,112,305
28.11.2015 12:15:00,123,223
28.11.2015 12:20:00,112,507
28.11.2015 12:25:00,118,270
28.11.2015 12:30:00,113,376
28.11.2015 12:35:00,113,210
28.11.2015 12:40:00,117,223
28.11.2015 12:45:00,121,278
28.11.2015 12:50:00,113,352
28.11.2015 12:55:00,119,185
28.11.2015 13:00:00,115,483
28.11.2015 13:05:00,127,393
28.11.2015 13:10:00,112,458
28.11.2015 13:15:00,113,229
28.11.2015 13:20:00,114,163
28.11.2015 13:25:00,117,147
28.11.2015 13:30:00,116,344
28.11.2015 13:35:00,122,215
28.11.2015 13:40:00,111,475
28.11.2015 13:45:00,122,207
28.11.2015 13:50:00,113,434
28.11.2015 13:55:00,121,319
28.11.2015 14:00:00,124,537
28.11.2015 14:05:00,132,598
28.11.2015 14:10:00,112,447
28.11.2015 14:15:00,121,226
28.11.2015 14:20:00,114,360
28.11.2015 14:25:00,113,210
28.11.2015 14:30:00,115,185
28.11.2015 14:35:00,114,169
28.11.2015 14:40:00,112,196
28.11.2015 14:45:00,115,226
28.11.2015 14:50:00,115,248
28.11.2015 14:55:00,114,267
28.11.2015 15:00:00,113,254
28.11.2015 15:05:00,118,467
28.11.2015 15:10:00,112,303
28.11.2015 15:15:00,113,147
28.11.2015 15:20:00,111,196
28.11.2015 15:25:00,113,196
28.11.2015 15:30:00,114,218
28.11.2015 15:35:00,114,177
28.11.2015 15:40:00,110,172
28.11.2015 15:45:00,111,172
28.11.2015 15:50:00,111,114
28.11.2015 15:55:00,111,139
28.11.2015 16:00:00,112,221
28.11.2015 16:05:00,120,540
28.11.2015 16:10:00,108,434
28.11.2015 16:15:00,112,245
28.11.2015 16:20:00,112,210
28.11.2015 16:25:00,118,270
28.11.2015 16:30:00,115,196
28.11.2015 16:35:00,111,172
28.11.2015 16:40:00,111,174
28.11.2015 16:45:00,122,218
28.11.2015 16:50:00,111,562
28.11.2015 16:55:00,118,297
28.11.2015 17:00:00,114,374
28.11.2015 17:05:00,123,507
28.11.2015 17:10:00,114,562
28.11.2015 17:15:00,120,262
28.11.2015 17:20:00,114,401
28.11.2015 17:25:00,119,229
28.11.2015 17:30:00,114,163
28.11.2015 17:35:00,121,254
28.11.2015 17:40:00,109,455
28.11.2015 17:45:00,117,278
28.11.2015 17:50:00,112,420
28.11.2015 17:55:00,115,182
28.11.2015 18:00:00,112,169
28.11.2015 18:05:00,121,488
28.11.2015 18:10:00,116,338
28.11.2015 18:15:00,117,226
28.11.2015 18:20:00,114,180
28.11.2015 18:25:00,122,172
28.11.2015 18:30:00,117,417
28.11.2015 18:35:00,119,221
28.11.2015 18:40:00,112,344
28.11.2015 18:45:00,116,221
28.11.2015 18:50:00,110,172
28.11.2015 18:55:00,119,248
28.11.2015 19:00:00,112,360
28.11.2015 19:05:00,127,406
28.11.2015 19:10:00,113,464
28.11.2015 19:15:00,121,196
28.11.2015 19:20:00,114,322
28.11.2015 19:25:00,118,237
28.11.2015 19:30:00,114,368
28.11.2015 19:35:00,119,180
28.11.2015 19:40:00,112,385
28.11.2015 19:45:00,114,251
28.11.2015 19:50:00,113,210
28.11.2015 19:55:00,127,303
28.11.2015 20:00:00,114,461
28.11.2015 20:05:00,134,461
28.11.2015 20:10:00,116,641
28.11.2015 20:15:00,115,278
28.11.2015 20:20:00,113,177
28.11.2015 20:25:00,112,125
28.11.2015 20:30:00,124,231
28.11.2015 20:35:00,113,182
28.11.2015 20:40:00,113,150
28.11.2015 20:45:00,122,289
28.11.2015 20:50:00,114,554
28.11.2015 20:55:00,120,278
28.11.2015 21:00:00,114,434
28.11.2015 21:05:00,120,379
28.11.2015 21:10:00,113,295
28.11.2015 21:15:00,122,169
28.11.2015 21:20:00,113,426
28.11.2015 21:25:00,121,218
28.11.2015 21:30:00,115,491
28.11.2015 21:35:00,122,256
28.11.2015 21:40:00,117,507
28.11.2015 21:45:00,118,330
28.11.2015 21:50:00,115,210
28.11.2015 21:55:00,114,131
28.11.2015 22:00:00,115,270
28.11.2015 22:05:00,120,390
28.11.2015 22:10:00,112,226
28.11.2015 22:15:00,115,111
28.11.2015 22:20:00,113,226
28.11.2015 22:25:00,113,111
28.11.2015 22:30:00,116,185
28.11.2015 22:35:00,126,324
28.11.2015 22:40:00,112,592
28.11.2015 22:45:00,121,245
28.11.2015 22:50:00,114,431
28.11.2015 22:55:00,125,283
28.11.2015 23:00:00,115,526
28.11.2015 23:05:00,128,518
28.11.2015 23:10:00,123,535
28.11.2015 23:15:00,114,450
28.11.2015 23:20:00,112,155
28.11.2015 23:25:00,114,117
28.11.2015 23:30:00,116,163
28.11.2015 23:35:00,125,172
28.11.2015 23:40:00,114,376
28.11.2015 23:45:00,123,172
28.11.2015 23:50:00,114,319
28.11.2015 23:55:00,114,155
29.11.2015 00:00:00,115,188
29.11.2015 00:05:00,124,442
29.11.2015 00:10:00,112,532
29.11.2015 00:15:00,115,218
29.11.2015 00:20:00,114,199
29.11.2015 00:25:00,120,182
29.11.2015 00:30:00,115,330
29.11.2015 00:35:00,121,267
29.11.2015 00:40:00,113,507
29.11.2015 00:45:00,117,196
29.11.2015 00:50:00,115,193
29.11.2015 00:55:00,122,199
29.11.2015 01:00:00,116,335
29.11.2015 01:05:00,122,426
29.11.2015 01:10:00,111,313
29.11.2015 01:15:00,123,207
29.11.2015 01:20:00,115,357
29.11.2015 01:25:00,98,196
29.11.2015 01:30:00,101,237
29.11.2015 01:35:00,100,141
29.11.2015 01:40:00,105,245
29.11.2015 01:45:00,111,174
29.11.2015 01:50:00,113,166
29.11.2015 01:55:00,121,174
29.11.2015 02:00:00,116,333
29.11.2015 02:05:00,120,461
29.11.2015 02:10:00,114,311
29.11.2015 02:15:00,115,180
29.11.2015 02:20:00,107,188
29.11.2015 02:25:00,119,229
29.11.2015 02:30:00,115,295
29.11.2015 02:35:00,115,188
29.11.2015 02:40:00,114,262
29.11.2015 02:45:00,116,196
29.11.2015 02:50:00,114,155
29.11.2015 02:55:00,113,163
29.11.2015 03:00:00,114,163
29.11.2015 03:05:00,122,346
29.11.2015 03:10:00,113,335
29.11.2015 03:15:00,125,242
29.11.2015 03:20:00,114,398
29.11.2015 03:25:00,115,270
29.11.2015 03:30:00,116,207
29.11.2015 03:35:00,123,262
29.11.2015 03:40:00,113,464
29.11.2015 03:45:00,118,262
29.11.2015 03:50:00,117,182
29.11.2015 03:55:00,114,152
29.11.2015 04:00:00,115,155
29.11.2015 04:05:00,140,434
29.11.2015 04:10:00,112,532
29.11.2015 04:15:00,122,278
29.11.2015 04:20:00,114,338
29.11.2015 04:25:00,701,289
29.11.2015 04:30:00,118,513
29.11.2015 04:35:00,123,292
29.11.2015 04:40:00,115,442
29.11.2015 04:45:00,123,272
29.11.2015 04:50:00,117,499
29.11.2015 04:55:00,116,188
29.11.2015 05:00:00,116,139
29.11.2015 05:05:00,125,475
29.11.2015 05:10:00,112,344
29.11.2015 05:15:00,133,207
29.11.2015 05:20:00,115,409
29.11.2015 05:25:00,120,213
29.11.2015 05:30:00,117,505
29.11.2015 05:35:00,124,242
29.11.2015 05:40:00,115,477
29.11.2015 05:45:00,124,237
29.11.2015 05:50:00,115,387
29.11.2015 05:55:00,114,199
29.11.2015 06:00:00,117,245
29.11.2015 06:05:00,130,406
29.11.2015 06:10:00,117,559
29.11.2015 06:15:00,117,275
29.11.2015 06:20:00,119,172
29.11.2015 06:25:00,122,185
29.11.2015 06:30:00,117,455
29.11.2015 06:35:00,119,199
29.11.2015 06:40:00,114,223
29.11.2015 06:45:00,116,245
29.11.2015 06:50:00,115,177
29.11.2015 06:55:00,122,185
29.11.2015 07:00:00,116,374
29.11.2015 07:05:00,127,379
29.11.2015 07:10:00,114,453
29.11.2015 07:15:00,115,267
29.11.2015 07:20:00,115,122
29.11.2015 07:25:00,113,155
29.11.2015 07:30:00,115,172
29.11.2015 07:35:00,114,221
29.11.2015 07:40:00,113,190
29.11.2015 07:45:00,116,180
29.11.2015 07:50:00,115,188
29.11.2015 07:55:00,114,180
29.11.2015 08:00:00,116,188
29.11.2015 08:05:00,120,390
29.11.2015 08:10:00,113,385
29.11.2015 08:15:00,116,188
29.11.2015 08:20:00,115,204
29.11.2015 08:25:00,116,185
29.11.2015 08:30:00,116,177
29.11.2015 08:35:00,114,193
29.11.2015 08:40:00,114,161
29.11.2015 08:45:00,115,177
29.11.2015 08:50:00,113,161
29.11.2015 08:55:00,131,169
29.11.2015 09:00:00,115,365
29.11.2015 09:05:00,121,390
29.11.2015 09:10:00,113,289
29.11.2015 09:15:00,115,150
29.11.2015 09:20:00,114,180
29.11.2015 09:25:00,120,202
29.11.2015 09:30:00,115,368
29.11.2015 09:35:00,115,207
29.11.2015 09:40:00,114,182
29.11.2015 09:45:00,123,254
29.11.2015 09:50:00,113,464
29.11.2015 09:55:00,112,215
29.11.2015 10:00:00,113,152
29.11.2015 10:05:00,118,360
29.11.2015 10:10:00,112,172
29.11.2015 10:15:00,121,182
29.11.2015 10:20:00,114,450
29.11.2015 10:25:00,118,240
29.11.2015 10:30:00,117,401
29.11.2015 10:35:00,113,221
29.11.2015 10:40:00,111,237
29.11.2015 10:45:00,116,180
29.11.2015 10:50:00,113,202
29.11.2015 10:55:00,119,163
29.11.2015 11:00:00,114,409
29.11.2015 11:05:00,126,420
29.11.2015 11:10:00,114,491
29.11.2015 11:15:00,120,289
29.11.2015 11:20:00,113,412
29.11.2015 11:25:00,112,188
29.11.2015 11:30:00,114,122
29.11.2015 11:35:00,114,158
29.11.2015 11:40:00,112,237
29.11.2015 11:45:00,126,207
29.11.2015 11:50:00,114,385
29.11.2015 11:55:00,118,240
29.11.2015 12:00:00,114,420
29.11.2015 12:05:00,119,283
29.11.2015 12:10:00,112,303
29.11.2015 12:15:00,122,202
29.11.2015 12:20:00,113,401
29.11.2015 12:25:00,112,221
29.11.2015 12:30:00,113,193
29.11.2015 12:35:00,115,131
29.11.2015 12:40:00,115,172
29.11.2015 12:45:00,120,172
29.11.2015 12:50:00,113,401
29.11.2015 12:55:00,122,283
29.11.2015 13:00:00,115,557
29.11.2015 13:05:00,125,455
29.11.2015 13:10:00,112,467
29.11.2015 13:15:00,113,237
29.11.2015 13:20:00,113,196
29.11.2015 13:25:00,120,180
29.11.2015 13:30:00,114,401
29.11.2015 13:35:00,113,182
29.11.2015 13:40:00,113,166
29.11.2015 13:45:00,148,322
29.11.2015 13:50:00,146,879
29.11.2015 13:55:00,112,507
29.11.2015 14:00:00,163,428
29.11.2015 14:05:00,184,1094
29.11.2015 14:10:00,134,996
29.11.2015 14:15:00,116,565
29.11.2015 14:20:00,128,362
29.11.2015 14:25:00,117,477
29.11.2015 14:30:00,142,507
29.11.2015 14:35:00,130,756
29.11.2015 14:40:00,115,513
29.11.2015 14:45:00,126,480
29.11.2015 14:50:00,114,516
29.11.2015 14:55:00,113,210
29.11.2015 15:00:00,115,166
29.11.2015 15:05:00,128,295
29.11.2015 15:10:00,112,417
29.11.2015 15:15:00,119,210
29.11.2015 15:20:00,113,385
29.11.2015 15:25:00,113,180
29.11.2015 15:30:00,115,155
29.11.2015 15:35:00,120,169
29.11.2015 15:40:00,115,417
29.11.2015 15:45:00,112,213
29.11.2015 15:50:00,115,213
29.11.2015 15:55:00,110,172
29.11.2015 16:00:00,114,213
29.11.2015 16:05:00,117,387
29.11.2015 16:10:00,112,256
29.11.2015 16:15:00,113,210
29.11.2015 16:20:00,109,128
29.11.2015 16:25:00,116,161
29.11.2015 16:30:00,114,417
29.11.2015 16:35:00,112,223
29.11.2015 16:40:00,111,245
29.11.2015 16:45:00,119,272
29.11.2015 16:50:00,112,502
29.11.2015 16:55:00,112,231
29.11.2015 17:00:00,112,188
29.11.2015 17:05:00,121,403
29.11.2015 17:10:00,110,578
29.11.2015 17:15:00,117,237
29.11.2015 17:20:00,112,409
29.11.2015 17:25:00,106,199
29.11.2015 17:30:00,110,152
29.11.2015 17:35:00,112,172
29.11.2015 17:40:00,162,592
29.11.2015 17:45:00,114,832
29.11.2015 17:50:00,111,368
29.11.2015 17:55:00,122,248
29.11.2015 18:00:00,114,434
29.11.2015 18:05:00,121,464
29.11.2015 18:10:00,111,409
29.11.2015 18:15:00,120,190
29.11.2015 18:20:00,111,319
29.11.2015 18:25:00,111,163
29.11.2015 18:30:00,113,180
29.11.2015 18:35:00,118,155
29.11.2015 18:40:00,112,464
29.11.2015 18:45:00,115,267
29.11.2015 18:50:00,114,190
29.11.2015 18:55:00,118,248
29.11.2015 19:00:00,113,376
29.11.2015 19:05:00,129,368
29.11.2015 19:10:00,112,562
29.11.2015 19:15:00,113,182
29.11.2015 19:20:00,111,166
29.11.2015 19:25:00,117,182
29.11.2015 19:30:00,110,354
29.11.2015 19:35:00,119,223
29.11.2015 19:40:00,108,371
29.11.2015 19:45:00,112,144
29.11.2015 19:50:00,112,152
29.11.2015 19:55:00,112,172
29.11.2015 20:00:00,113,114
29.11.2015 20:05:00,123,371
29.11.2015 20:10:00,112,338
29.11.2015 20:15:00,121,152
29.11.2015 20:20:00,114,387
29.11.2015 20:25:00,113,234
29.11.2015 20:30:00,114,155
29.11.2015 20:35:00,119,163
29.11.2015 20:40:00,112,344
29.11.2015 20:45:00,121,210
29.11.2015 20:50:00,113,426
29.11.2015 20:55:00,117,218
29.11.2015 21:00:00,113,278
29.11.2015 21:05:00,119,510
29.11.2015 21:10:00,112,360
29.11.2015 21:15:00,121,215
29.11.2015 21:20:00,113,428
29.11.2015 21:25:00,114,210
29.11.2015 21:30:00,116,177
29.11.2015 21:35:00,114,139
29.11.2015 21:40:00,115,161
29.11.2015 21:45:00,121,174
29.11.2015 21:50:00,113,387
29.11.2015 21:55:00,112,199
29.11.2015 22:00:00,114,155
29.11.2015 22:05:00,118,354
29.11.2015 22:10:00,112,316
29.11.2015 22:15:00,114,155
29.11.2015 22:20:00,114,251
29.11.2015 22:25:00,116,226
29.11.2015 22:30:00,116,199
29.11.2015 22:35:00,114,125
29.11.2015 22:40:00,114,98
29.11.2015 22:45:00,131,245
29.11.2015 22:50:00,137,761
29.11.2015 22:55:00,113,491
29.11.2015 23:00:00,116,234
29.11.2015 23:05:00,127,415
29.11.2015 23:10:00,110,565
29.11.2015 23:15:00,121,295
29.11.2015 23:20:00,112,344
29.11.2015 23:25:00,112,237
29.11.2015 23:30:00,116,204
29.11.2015 23:35:00,115,229
29.11.2015 23:40:00,114,245
29.11.2015 23:45:00,117,111
29.11.2015 23:50:00,115,180
29.11.2015 23:55:00,114,177
30.11.2015 00:00:00,116,155
30.11.2015 00:05:00,129,393
30.11.2015 00:10:00,120,644
30.11.2015 00:15:00,111,344
30.11.2015 00:20:00,110,163
30.11.2015 00:25:00,112,190
30.11.2015 00:30:00,114,199
30.11.2015 00:35:00,119,163
30.11.2015 00:40:00,109,464
30.11.2015 00:45:00,116,218
30.11.2015 00:50:00,112,376
30.11.2015 00:55:00,113,182
30.11.2015 01:00:00,114,172
30.11.2015 01:05:00,125,354
30.11.2015 01:10:00,112,548
30.11.2015 01:15:00,115,204
30.11.2015 01:20:00,113,144
30.11.2015 01:25:00,110,221
30.11.2015 01:30:00,100,406
30.11.2015 01:35:00,104,213
30.11.2015 01:40:00,103,455
30.11.2015 01:45:00,122,196
30.11.2015 01:50:00,114,409
30.11.2015 01:55:00,113,229
30.11.2015 02:00:00,116,193
30.11.2015 02:05:00,120,491
30.11.2015 02:10:00,115,385
30.11.2015 02:15:00,114,204
30.11.2015 02:20:00,113,163
30.11.2015 02:25:00,124,245
30.11.2015 02:30:00,115,614
30.11.2015 02:35:00,114,254
30.11.2015 02:40:00,113,202
30.11.2015 02:45:00,120,215
30.11.2015 02:50:00,114,417
30.11.2015 02:55:00,120,223
30.11.2015 03:00:00,115,398
30.11.2015 03:05:00,122,409
30.11.2015 03:10:00,114,319
30.11.2015 03:15:00,115,169
30.11.2015 03:20:00,115,161
30.11.2015 03:25:00,117,166
30.11.2015 03:30:00,116,114
30.11.2015 03:35:00,121,155
30.11.2015 03:40:00,114,297
30.11.2015 03:45:00,116,161
30.11.2015 03:50:00,114,125
30.11.2015 03:55:00,122,172
30.11.2015 04:00:00,115,324
30.11.2015 04:05:00,132,420
30.11.2015 04:10:00,112,447
30.11.2015 04:15:00,120,248
30.11.2015 04:20:00,113,385
30.11.2015 04:25:00,120,188
30.11.2015 04:30:00,114,295
30.11.2015 04:35:00,114,172
30.11.2015 04:40:00,112,237
30.11.2015 04:45:00,126,204
30.11.2015 04:50:00,114,393
30.11.2015 04:55:00,122,188
30.11.2015 05:00:00,116,376
30.11.2015 05:05:00,134,352
30.11.2015 05:10:00,114,483
30.11.2015 05:15:00,121,275
30.11.2015 05:20:00,116,412
30.11.2015 05:25:00,120,193
30.11.2015 05:30:00,116,376
30.11.2015 05:35:00,120,210
30.11.2015 05:40:00,113,371
30.11.2015 05:45:00,122,234
30.11.2015 05:50:00,118,464
30.11.2015 05:55:00,120,305
30.11.2015 06:00:00,114,223
30.11.2015 06:05:00,128,327
30.11.2015 06:10:00,114,472
30.11.2015 06:15:00,115,231
30.11.2015 06:20:00,115,122
30.11.2015 06:25:00,112,185
30.11.2015 06:30:00,114,100
30.11.2015 06:35:00,114,103
30.11.2015 06:40:00,113,117
30.11.2015 06:45:00,118,147
30.11.2015 06:50:00,115,204
30.11.2015 06:55:00,114,196
30.11.2015 07:00:00,116,139
30.11.2015 07:05:00,129,426
30.11.2015 07:10:00,113,630
30.11.2015 07:15:00,122,295
30.11.2015 07:20:00,113,499
30.11.2015 07:25:00,112,204
30.11.2015 07:30:00,115,196
30.11.2015 07:35:00,136,215
30.11.2015 07:40:00,120,660
30.11.2015 07:45:00,132,338
30.11.2015 07:50:00,120,546
30.11.2015 07:55:00,115,338
30.11.2015 08:00:00,115,202
30.11.2015 08:05:00,130,469
30.11.2015 08:10:00,111,382
30.11.2015 08:15:00,120,251
30.11.2015 08:20:00,113,368
30.11.2015 08:25:00,135,264
30.11.2015 08:30:00,167,969
30.11.2015 08:35:00,157,1040
30.11.2015 08:40:00,129,884
30.11.2015 08:45:00,135,496
30.11.2015 08:50:00,172,770
30.11.2015 08:55:00,155,734
30.11.2015 09:00:00,146,958
30.11.2015 09:05:00,140,802
30.11.2015 09:10:00,119,598
30.11.2015 09:15:00,145,444
30.11.2015 09:20:00,121,491
30.11.2015 09:25:00,113,352
30.11.2015 09:30:00,115,303
30.11.2015 09:35:00,124,242
30.11.2015 09:40:00,117,589
30.11.2015 09:45:00,137,434
30.11.2015 09:50:00,115,319
30.11.2015 09:55:00,113,188
30.11.2015 10:00:00,116,188
30.11.2015 10:05:00,153,475
30.11.2015 10:10:00,146,360
30.11.2015 10:15:00,127,264
30.11.2015 10:20:00,136,557
30.11.2015 10:25:00,120,788
30.11.2015 10:30:00,207,546
30.11.2015 10:35:00,208,857
30.11.2015 10:40:00,179,985
30.11.2015 10:45:00,167,1042
30.11.2015 10:50:00,181,1040
30.11.2015 10:55:00,157,1119
30.11.2015 11:00:00,124,881
30.11.2015 11:05:00,133,567
30.11.2015 11:10:00,130,852
30.11.2015 11:15:00,122,467
30.11.2015 11:20:00,130,516
30.11.2015 11:25:00,113,565
30.11.2015 11:30:00,143,458
30.11.2015 11:35:00,119,573
30.11.2015 11:40:00,112,417
30.11.2015 11:45:00,112,237
30.11.2015 11:50:00,111,172
30.11.2015 11:55:00,111,308
30.11.2015 12:00:00,113,242
30.11.2015 12:05:00,131,324
30.11.2015 12:10:00,111,526
30.11.2015 12:15:00,120,259
30.11.2015 12:20:00,113,436
30.11.2015 12:25:00,119,248
30.11.2015 12:30:00,114,311
30.11.2015 12:35:00,120,139
30.11.2015 12:40:00,112,300
30.11.2015 12:45:00,120,278
30.11.2015 12:50:00,112,450
30.11.2015 12:55:00,129,188
30.11.2015 13:00:00,113,349
30.11.2015 13:05:00,121,286
30.11.2015 13:10:00,111,303
30.11.2015 13:15:00,120,158
30.11.2015 13:20:00,119,567
30.11.2015 13:25:00,128,513
30.11.2015 13:30:00,116,295
30.11.2015 13:35:00,123,221
30.11.2015 13:40:00,143,442
30.11.2015 13:45:00,113,843
30.11.2015 13:50:00,113,371
30.11.2015 13:55:00,139,570
30.11.2015 14:00:00,129,622
30.11.2015 14:05:00,130,666
30.11.2015 14:10:00,131,709
30.11.2015 14:15:00,121,458
30.11.2015 14:20:00,112,516
30.11.2015 14:25:00,130,510
30.11.2015 14:30:00,151,608
30.11.2015 14:35:00,140,827
30.11.2015 14:40:00,151,696
30.11.2015 14:45:00,143,991
30.11.2015 14:50:00,118,753
30.11.2015 14:55:00,114,417
30.11.2015 15:00:00,123,401
30.11.2015 15:05:00,129,557
30.11.2015 15:10:00,117,573
30.11.2015 15:15:00,169,778
30.11.2015 15:20:00,146,936
30.11.2015 15:25:00,124,860
30.11.2015 15:30:00,206,1013
30.11.2015 15:35:00,171,920
30.11.2015 15:40:00,180,1001
30.11.2015 15:45:00,185,1119
30.11.2015 15:50:00,244,1198
30.11.2015 15:55:00,134,1133
30.11.2015 16:00:00,112,731
30.11.2015 16:05:00,125,688
30.11.2015 16:10:00,111,696
30.11.2015 16:15:00,144,524
30.11.2015 16:20:00,118,516
30.11.2015 16:25:00,119,587
30.11.2015 16:30:00,155,786
30.11.2015 16:35:00,138,677
30.11.2015 16:40:00,136,734
30.11.2015 16:45:00,172,737
30.11.2015 16:50:00,158,849
30.11.2015 16:55:00,179,873
30.11.2015 17:00:00,201,991
30.11.2015 17:05:00,203,1065
30.11.2015 17:10:00,166,983
30.11.2015 17:15:00,261,1024
30.11.2015 17:20:00,137,893
30.11.2015 17:25:00,175,860
30.11.2015 17:30:00,146,958
30.11.2015 17:35:00,156,974
30.11.2015 17:40:00,157,983
30.11.2015 17:45:00,154,887
30.11.2015 17:50:00,127,906
30.11.2015 17:55:00,126,718
30.11.2015 18:00:00,130,677
30.11.2015 18:05:00,132,636
30.11.2015 18:10:00,139,764
30.11.2015 18:15:00,127,715
30.11.2015 18:20:00,114,535
30.11.2015 18:25:00,130,286
30.11.2015 18:30:00,148,709
30.11.2015 18:35:00,146,1032
30.11.2015 18:40:00,124,925
30.11.2015 18:45:00,124,540
30.11.2015 18:50:00,117,475
30.11.2015 18:55:00,126,385
30.11.2015 19:00:00,112,431
30.11.2015 19:05:00,133,453
30.11.2015 19:10:00,120,770
30.11.2015 19:15:00,116,477
30.11.2015 19:20:00,131,488
30.11.2015 19:25:00,161,950
30.11.2015 19:30:00,142,1073
30.11.2015 19:35:00,139,1032
30.11.2015 19:40:00,144,876
30.11.2015 19:45:00,138,925
30.11.2015 19:50:00,112,622
30.11.2015 19:55:00,127,346
30.11.2015 20:00:00,122,442
30.11.2015 20:05:00,151,696
30.11.2015 20:10:00,129,770
30.11.2015 20:15:00,178,868
30.11.2015 20:20:00,135,1004
30.11.2015 20:25:00,149,824
30.11.2015 20:30:00,152,1070
30.11.2015 20:35:00,144,1065
30.11.2015 20:40:00,153,1018
30.11.2015 20:45:00,161,955
30.11.2015 20:50:00,123,961
30.11.2015 20:55:00,117,529
30.11.2015 21:00:00,118,300
30.11.2015 21:05:00,128,663
30.11.2015 21:10:00,117,567
30.11.2015 21:15:00,116,360
30.11.2015 21:20:00,119,475
30.11.2015 21:25:00,138,461
30.11.2015 21:30:00,129,821
30.11.2015 21:35:00,122,606
30.11.2015 21:40:00,130,657
30.11.2015 21:45:00,120,524
30.11.2015 21:50:00,123,496
30.11.2015 21:55:00,122,428
30.11.2015 22:00:00,115,393
30.11.2015 22:05:00,125,376
30.11.2015 22:10:00,126,442
30.11.2015 22:15:00,138,557
30.11.2015 22:20:00,133,761
30.11.2015 22:25:00,113,524
30.11.2015 22:30:00,119,245
30.11.2015 22:35:00,117,196
30.11.2015 22:40:00,112,278
30.11.2015 22:45:00,118,131
30.11.2015 22:50:00,114,226
30.11.2015 22:55:00,113,185
30.11.2015 23:00:00,118,177
30.11.2015 23:05:00,127,426
30.11.2015 23:10:00,123,718
30.11.2015 23:15:00,122,415
30.11.2015 23:20:00,123,622
30.11.2015 23:25:00,124,447
30.11.2015 23:30:00,139,660
30.11.2015 23:35:00,125,324
30.11.2015 23:40:00,126,264
30.11.2015 23:45:00,124,150
30.11.2015 23:50:00,122,117
30.11.2015 23:55:00,128,199
01.12.2015 00:00:00,130,442
01.12.2015 00:05:00,129,570
01.12.2015 00:10:00,122,824
01.12.2015 00:15:00,116,401
01.12.2015 00:20:00,111,382
01.12.2015 00:25:00,111,190
01.12.2015 00:30:00,116,141
01.12.2015 00:35:00,113,313
01.12.2015 00:40:00,111,147
01.12.2015 00:45:00,121,163
01.12.2015 00:50:00,115,401
01.12.2015 00:55:00,112,196
01.12.2015 01:00:00,115,133
01.12.2015 01:05:00,127,393
01.12.2015 01:10:00,109,655
01.12.2015 01:15:00,117,324
01.12.2015 01:20:00,114,516
01.12.2015 01:25:00,106,349
01.12.2015 01:30:00,101,423
01.12.2015 01:35:00,102,316
01.12.2015 01:40:00,112,477
01.12.2015 01:45:00,113,354
01.12.2015 01:50:00,110,202
01.12.2015 01:55:00,116,226
01.12.2015 02:00:00,116,346
01.12.2015 02:05:00,120,346
01.12.2015 02:10:00,110,423
01.12.2015 02:15:00,119,223
01.12.2015 02:20:00,112,382
01.12.2015 02:25:00,118,226
01.12.2015 02:30:00,113,403
01.12.2015 02:35:00,114,136
01.12.2015 02:40:00,112,231
01.12.2015 02:45:00,121,308
01.12.2015 02:50:00,109,567
01.12.2015 02:55:00,138,464
01.12.2015 03:00:00,120,685
01.12.2015 03:05:00,131,488
01.12.2015 03:10:00,116,690
01.12.2015 03:15:00,123,308
01.12.2015 03:20:00,113,382
01.12.2015 03:25:00,114,213
01.12.2015 03:30:00,116,180
01.12.2015 03:35:00,116,163
01.12.2015 03:40:00,114,229
01.12.2015 03:45:00,122,125
01.12.2015 03:50:00,114,401
01.12.2015 03:55:00,113,196
01.12.2015 04:00:00,114,122
01.12.2015 04:05:00,139,395
01.12.2015 04:10:00,114,742
01.12.2015 04:15:00,128,346
01.12.2015 04:20:00,108,444
01.12.2015 04:25:00,97,237
01.12.2015 04:30:00,116,254
01.12.2015 04:35:00,129,472
01.12.2015 04:40:00,116,641
01.12.2015 04:45:00,125,305
01.12.2015 04:50:00,114,507
01.12.2015 04:55:00,120,289
01.12.2015 05:00:00,115,412
01.12.2015 05:05:00,128,341
01.12.2015 05:10:00,113,467
01.12.2015 05:15:00,123,289
01.12.2015 05:20:00,114,469
01.12.2015 05:25:00,119,229
01.12.2015 05:30:00,118,502
01.12.2015 05:35:00,132,256
01.12.2015 05:40:00,148,977
01.12.2015 05:45:00,152,914
01.12.2015 05:50:00,132,939
01.12.2015 05:55:00,116,521
01.12.2015 06:00:00,126,472
01.12.2015 06:05:00,133,606
01.12.2015 06:10:00,115,557
01.12.2015 06:15:00,121,242
01.12.2015 06:20:00,114,335
01.12.2015 06:25:00,120,210
01.12.2015 06:30:00,115,327
01.12.2015 06:35:00,119,237
01.12.2015 06:40:00,118,180
01.12.2015 06:45:00,135,376
01.12.2015 06:50:00,127,761
01.12.2015 06:55:00,121,436
01.12.2015 07:00:00,115,330
01.12.2015 07:05:00,118,278
01.12.2015 07:10:00,112,374
01.12.2015 07:15:00,121,202
01.12.2015 07:20:00,117,354
01.12.2015 07:25:00,137,349
01.12.2015 07:30:00,170,1075
01.12.2015 07:35:00,126,1094
01.12.2015 07:40:00,118,718
01.12.2015 07:45:00,121,412
01.12.2015 07:50:00,115,398
01.12.2015 07:55:00,120,333
01.12.2015 08:00:00,116,510
01.12.2015 08:05:00,137,680
01.12.2015 08:10:00,116,914
01.12.2015 08:15:00,154,860
01.12.2015 08:20:00,163,991
01.12.2015 08:25:00,132,942
01.12.2015 08:30:00,129,589
01.12.2015 08:35:00,125,357
01.12.2015 08:40:00,127,742
01.12.2015 08:45:00,118,865
01.12.2015 08:50:00,111,423
01.12.2015 08:55:00,152,805
01.12.2015 09:00:00,125,778
01.12.2015 09:05:00,116,928
01.12.2015 09:10:00,107,647
01.12.2015 09:15:00,133,524
01.12.2015 09:20:00,128,933
01.12.2015 09:25:00,136,778
01.12.2015 09:30:00,132,821
01.12.2015 09:35:00,154,884
01.12.2015 09:40:00,181,917
01.12.2015 09:45:00,126,939
01.12.2015 09:50:00,113,537
01.12.2015 09:55:00,125,546
01.12.2015 10:00:00,132,881
01.12.2015 10:05:00,123,808
01.12.2015 10:10:00,183,1024
01.12.2015 10:15:00,203,1247
01.12.2015 10:20:00,145,1127
01.12.2015 10:25:00,104,622
01.12.2015 10:30:00,117,379
01.12.2015 10:35:00,104,491
01.12.2015 10:40:00,113,267
01.12.2015 10:45:00,123,753
01.12.2015 10:50:00,113,786
01.12.2015 10:55:00,106,606
01.12.2015 11:00:00,119,368
01.12.2015 11:05:00,166,707
01.12.2015 11:10:00,230,950
01.12.2015 11:15:00,182,786
01.12.2015 11:20:00,160,835
01.12.2015 11:25:00,123,811
01.12.2015 11:30:00,219,786
01.12.2015 11:35:00,236,840
01.12.2015 11:40:00,230,950
01.12.2015 11:45:00,243,1001
01.12.2015 11:50:00,237,1097
01.12.2015 11:55:00,126,1119
